{
  "version": "2.0-sklearn",
  "note": "UCI Breast Cancer: sklearn MLPClassifier adam early_stopping max_iter=150. Same 4-dim HP space 108 configs. 25 seeds Bonferroni Wilcoxon alpha_adj=0.00156. MNIST Fashion Adult pending GPU run.",
  "n_seeds": 25,
  "seeds": [
    0,
    1,
    2,
    3,
    4,
    5,
    6,
    7,
    8,
    9,
    10,
    11,
    12,
    13,
    14,
    15,
    16,
    17,
    18,
    19,
    20,
    21,
    22,
    23,
    24
  ],
  "bonferroni_m": 32,
  "alpha_adj": 0.0015625,
  "main_results": {
    "UCI Breast Cancer": {
      "Grid Search": {
        "accs": [
          0.9736842105263158,
          0.9912280701754386,
          0.9912280701754386,
          0.9824561403508771,
          0.9824561403508771,
          0.9912280701754386,
          0.9912280701754386,
          0.9824561403508771,
          0.9912280701754386,
          1.0,
          0.9912280701754386,
          0.9649122807017544,
          0.9912280701754386,
          0.9824561403508771,
          1.0,
          0.9912280701754386,
          0.9912280701754386,
          1.0,
          0.9736842105263158,
          0.9912280701754386,
          0.9824561403508771,
          1.0,
          0.9649122807017544,
          0.9824561403508771,
          0.9912280701754386
        ],
        "evals": [
          108,
          108,
          108,
          108,
          108,
          108,
          108,
          108,
          108,
          108,
          108,
          108,
          108,
          108,
          108,
          108,
          108,
          108,
          108,
          108,
          108,
          108,
          108,
          108,
          108
        ],
        "times": [
          0.0,
          0.0,
          0.0,
          0.0,
          0.0,
          0.0,
          0.0,
          0.0,
          0.0,
          0.0,
          0.0,
          0.0,
          0.0,
          0.0,
          0.0,
          0.0,
          0.0,
          0.0,
          0.0,
          0.0,
          0.0,
          0.0,
          0.0,
          0.0,
          0.0
        ],
        "mean_acc": 0.987017543859649,
        "std_acc": 0.009647527778854395,
        "mean_evals": 108.0,
        "mean_time": 0.0
      },
      "Random Search (k=20)": {
        "accs": [
          0.9736842105263158,
          0.9912280701754386,
          0.9912280701754386,
          0.9824561403508771,
          0.9824561403508771,
          0.9824561403508771,
          0.9912280701754386,
          0.9824561403508771,
          0.9824561403508771,
          1.0,
          0.9912280701754386,
          0.956140350877193,
          0.9912280701754386,
          0.9736842105263158,
          1.0,
          0.9912280701754386,
          0.9912280701754386,
          1.0,
          0.9649122807017544,
          0.9912280701754386,
          0.9824561403508771,
          1.0,
          0.956140350877193,
          0.9824561403508771,
          0.9824561403508771
        ],
        "evals": [
          20,
          20,
          20,
          20,
          20,
          20,
          20,
          20,
          20,
          20,
          20,
          20,
          20,
          20,
          20,
          20,
          20,
          20,
          20,
          20,
          20,
          20,
          20,
          20,
          20
        ],
        "times": [
          0.0,
          0.0,
          0.0,
          0.0,
          0.0,
          0.0,
          0.0,
          0.0,
          0.0,
          0.0,
          0.0,
          0.0,
          0.0,
          0.0,
          0.0,
          0.0,
          0.0,
          0.0,
          0.0,
          0.0,
          0.0,
          0.0,
          0.0,
          0.0,
          0.0
        ],
        "mean_acc": 0.9845614035087717,
        "std_acc": 0.011971033059110162,
        "mean_evals": 20.0,
        "mean_time": 0.0
      },
      "Random Search (k=10)": {
        "accs": [
          0.9736842105263158,
          0.9824561403508771,
          0.9912280701754386,
          0.9824561403508771,
          0.9736842105263158,
          0.9824561403508771,
          0.9912280701754386,
          0.9649122807017544,
          0.9912280701754386,
          0.9912280701754386,
          0.9912280701754386,
          0.956140350877193,
          0.9824561403508771,
          0.9824561403508771,
          0.9912280701754386,
          0.9912280701754386,
          0.9912280701754386,
          1.0,
          0.9736842105263158,
          0.9912280701754386,
          0.9736842105263158,
          0.9912280701754386,
          0.9385964912280702,
          0.9824561403508771,
          0.9736842105263158
        ],
        "evals": [
          10,
          10,
          10,
          10,
          10,
          10,
          10,
          10,
          10,
          10,
          10,
          10,
          10,
          10,
          10,
          10,
          10,
          10,
          10,
          10,
          10,
          10,
          10,
          10,
          10
        ],
        "times": [
          0.0,
          0.0,
          0.0,
          0.0,
          0.0,
          0.0,
          0.0,
          0.0,
          0.0,
          0.0,
          0.0,
          0.0,
          0.0,
          0.0,
          0.0,
          0.0,
          0.0,
          0.0,
          0.0,
          0.0,
          0.0,
          0.0,
          0.0,
          0.0,
          0.0
        ],
        "mean_acc": 0.9814035087719298,
        "std_acc": 0.013203429980510004,
        "mean_evals": 10.0,
        "mean_time": 0.0
      },
      "Bayesian Opt": {
        "accs": [
          0.9649122807017544,
          0.9912280701754386,
          0.9912280701754386,
          0.9824561403508771,
          0.9824561403508771,
          0.9824561403508771,
          0.9912280701754386,
          0.9736842105263158,
          0.9824561403508771,
          1.0,
          0.9912280701754386,
          0.956140350877193,
          0.9912280701754386,
          0.9736842105263158,
          1.0,
          0.9912280701754386,
          0.9912280701754386,
          0.9912280701754386,
          0.9736842105263158,
          0.9912280701754386,
          0.9824561403508771,
          0.9912280701754386,
          0.9649122807017544,
          0.9824561403508771,
          0.9912280701754386
        ],
        "evals": [
          20,
          20,
          20,
          20,
          20,
          20,
          20,
          20,
          20,
          20,
          20,
          20,
          20,
          20,
          20,
          20,
          20,
          20,
          20,
          20,
          20,
          20,
          20,
          20,
          20
        ],
        "times": [
          0.0,
          0.0,
          0.0,
          0.0,
          0.0,
          0.0,
          0.0,
          0.0,
          0.0,
          0.0,
          0.0,
          0.0,
          0.0,
          0.0,
          0.0,
          0.0,
          0.0,
          0.0,
          0.0,
          0.0,
          0.0,
          0.0,
          0.0,
          0.0,
          0.0
        ],
        "mean_acc": 0.9842105263157894,
        "std_acc": 0.010814761408717496,
        "mean_evals": 20.0,
        "mean_time": 0.0
      },