{
  "main_results": {
    "UCI Iris": {
      "Grid Search": {
        "accs": [
          1.0,
          1.0,
          1.0,
          0.9666666666666667,
          1.0
        ],
        "evals": [
          108,
          108,
          108,
          108,
          108
        ],
        "times": [
          785.489399433136,
          835.4204246997833,
          909.8957335948944,
          625.7657399177551,
          707.6983306407928
        ],
        "mean_acc": 0.9933333333333334,
        "std_acc": 0.01333333333333333,
        "mean_evals": 108.0,
        "mean_time": 772.8539256572724
      },
      "Random Search": {
        "accs": [
          1.0,
          1.0,
          1.0,
          0.9666666666666667,
          1.0
        ],
        "evals": [
          20,
          20,
          20,
          20,
          20
        ],
        "times": [
          138.19932508468628,
          1670.224424123764,
          171.1939685344696,
          117.84675621986389,
          130.0955274105072
        ],
        "mean_acc": 0.9933333333333334,
        "std_acc": 0.01333333333333333,
        "mean_evals": 20.0,
        "mean_time": 445.5120002746582
      },
      "Bayesian Opt": {
        "accs": [
          1.0,
          1.0,
          1.0,
          0.9666666666666667,
          1.0
        ],
        "evals": [
          20,
          20,
          19,
          20,
          20
        ],
        "times": [
          146.8389286994934,
          177.3556728363037,
          152.9715645313263,
          147.0332465171814,
          179.2490210533142
        ],
        "mean_acc": 0.9933333333333334,
        "std_acc": 0.01333333333333333,
        "mean_evals": 19.8,
        "mean_time": 160.6896867275238
      },
      "Optuna": {
        "accs": [
          1.0,
          1.0,
          1.0,
          0.9333333333333333,
          1.0
        ],
        "evals": [
          18,
          14,
          17,
          16,
          17
        ],
        "times": [
          120.87140393257141,
          125.14943766593933,
          141.30571269989014,
          104.70828819274902,
          138.81734371185303
        ],
        "mean_acc": 0.9866666666666667,
        "std_acc": 0.02666666666666666,
        "mean_evals": 16.4,
        "mean_time": 126.17043724060059
      },
      "DP-HPO (Proposed)": {
        "accs": [
          1.0,
          1.0,
          1.0,
          0.9333333333333333,
          1.0
        ],
        "evals": [
          10,
          10,
          10,
          10,
          10
        ],
        "times": [
          88.1696445941925,
          55.18501663208008,
          92.58941340446472,
          53.27487826347351,
          51.23871159553528
        ],
        "mean_acc": 0.9866666666666667,
        "std_acc": 0.02666666666666666,
        "mean_evals": 10.0,
        "mean_time": 68.09153289794922
      },
      "_wilcoxon": {
        "Grid Search": 1.0,
        "Random Search": 1.0,
        "Bayesian Opt": 1.0,
        "Optuna": null
      }
    },
    "UCI Heart Disease": {
      "Grid Search": {
        "accs": [
          0.9166666666666666,
          0.9166666666666666,
          0.9166666666666666,
          0.85,
          0.8833333333333333
        ],
        "evals": [
          108,
          108,
          108,
          108,
          108
        ],
        "times": [
          522.9611632823944,
          354.67813420295715,
          305.3778462409973,
          2127.721127510071,
          383.94456911087036
        ],
        "mean_acc": 0.8966666666666667,
        "std_acc": 0.02666666666666666,
        "mean_evals": 108.0,
        "mean_time": 738.936568069458
      },
      "Random Search": {
        "accs": [
          0.8833333333333333,
          0.9,
          0.8833333333333333,
          0.8333333333333334,
          0.8666666666666667
        ],
        "evals": [
          20,
          20,
          20,
          20,
          20
        ],
        "times": [
          109.62675547599792,
          67.26011514663696,
          57.365015745162964,
          53.447723150253296,
          78.93375539779663
        ],
        "mean_acc": 0.8733333333333334,
        "std_acc": 0.022607766610417544,
        "mean_evals": 20.0,
        "mean_time": 73.32667298316956
      },
      "Bayesian Opt": {
        "accs": [
          0.9333333333333333,
          0.9,
          0.9,
          0.8166666666666667,
          0.8666666666666667
        ],
        "evals": [
          20,
          20,
          19,
          20,
          20
        ],
        "times": [
          110.90515208244324,
          70.30414938926697,
          66.97655773162842,
          65.06884121894836,
          77.33147859573364
        ],
        "mean_acc": 0.8833333333333332,
        "std_acc": 0.039440531887330786,
        "mean_evals": 19.8,
        "mean_time": 78.11723580360413
      },
      "Optuna": {
        "accs": [
          0.9166666666666666,
          0.9333333333333333,
          0.8666666666666667,
          0.8666666666666667,
          0.8666666666666667
        ],
        "evals": [
          14,
          14,
          17,
          17,
          18
        ],
        "times": [
          59.04182982444763,
          44.2943000793457,
          49.86807346343994,
          56.198357582092285,
          60.984713554382324
        ],
        "mean_acc": 0.89,
        "std_acc": 0.02905932629027114,
        "mean_evals": 16.0,
        "mean_time": 54.07745490074158
      },
      "DP-HPO (Proposed)": {
        "accs": [
          0.8833333333333333,
          0.9,
          0.8833333333333333,
          0.8166666666666667,
          0.8666666666666667
        ],
        "evals": [
          10,
          10,
          10,
          10,
          10
        ],
        "times": [
          39.28089141845703,
          25.631683826446533,
          23.74563503265381,
          23.64607572555542,
          25.75657367706299
        ],
        "mean_acc": 0.8699999999999999,
        "std_acc": 0.02867441755680876,
        "mean_evals": 10.0,
        "mean_time": 27.612171936035157
      },
      "_wilcoxon": {
        "Grid Search": 0.0625,
        "Random Search": 1.0,
        "Bayesian Opt": 0.5,
        "Optuna": 0.25
      }
    },
    "MNIST": {
      "Grid Search": {
        "accs": [
          0.9455,
          0.942,
          0.938,
          0.9495,
          0.9495
        ],
        "evals": [
          108,
          108,
          108,
          108,
          108
        ],
        "times": [
          43364.16473197937,
          1486.7053434848785,
          1738.4274780750275,
          1342.1926109790802,
          1719.2960596084595
        ],
        "mean_acc": 0.9449,
        "std_acc": 0.004442971978304641,
        "mean_evals": 108.0,
        "mean_time": 9930.157244825363
      },
      "Random Search": {
        "accs": [
          0.9285,
          0.936,
          0.9355,
          0.9455,
          0.9335
        ],
        "evals": [
          20,
          20,
          20,
          20,
          20
        ],
        "times": [
          275.76212430000305,
          287.1064772605896,
          262.9848871231079,
          230.9634885787964,
          304.6950612068176
        ],
        "mean_acc": 0.9358000000000001,
        "std_acc": 0.005528109984434107,
        "mean_evals": 20.0,
        "mean_time": 272.3024076938629
      },
      "Bayesian Opt": {
        "accs": [
          0.945,
          0.943,
          0.942,
          0.9475,
          0.9565
        ],
        "evals": [
          20,
          20,
          19,
          20,
          19
        ],
        "times": [
          474.02418994903564,
          273.52621150016785,
          251.25840425491333,
          238.1897304058075,
          297.4100124835968
        ],
        "mean_acc": 0.9468,
        "std_acc": 0.005201922721456008,
        "mean_evals": 19.6,